Images,"Baseline (0 for chicken, 1 for dog)",Advanced 1 (mlp),Advanced 2 (svm)
image_0001,0,0,0
image_0002,0,1,0
image_0003,1,1,1
image_0004,0,0,0
image_0005,0,0,0
image_0006,0,1,1
image_0007,1,1,1
image_0008,1,1,1
image_0009,1,1,1
image_0010,1,1,1
image_0011,1,0,0
image_0012,1,1,1
image_0013,0,0,0
image_0014,1,1,1
image_0015,0,0,0
image_0016,1,0,0
image_0017,1,1,1
image_0018,1,0,0
image_0019,1,1,1
image_0020,1,1,1
image_0021,0,0,0
image_0022,0,1,1
image_0023,0,0,0
image_0024,1,1,1
image_0025,1,1,0
image_0026,1,1,0
image_0027,1,0,0
image_0028,0,0,0
image_0029,1,1,1
image_0030,1,1,1
image_0031,1,1,1
image_0032,1,1,1
image_0033,1,1,1
image_0034,1,1,1
image_0035,1,1,1
image_0036,1,1,0
image_0037,1,1,0
image_0038,1,1,0
image_0039,1,1,0
image_0040,0,1,0
image_0041,0,0,0
image_0042,0,1,0
image_0043,1,1,1
image_0044,1,1,1
image_0045,0,0,0
image_0046,1,1,0
image_0047,1,0,0
image_0048,0,0,0
image_0049,0,0,0
image_0050,0,1,1
image_0051,0,0,0
image_0052,0,1,0
image_0053,0,1,0
image_0054,0,0,0
image_0055,0,0,0
image_0056,1,1,1
image_0057,1,1,1
image_0058,1,0,0
image_0059,0,0,0
image_0060,1,1,0
image_0061,1,1,1
image_0062,0,1,0
image_0063,1,1,0
image_0064,1,1,0
image_0065,1,1,1
image_0066,1,0,0
image_0067,1,1,1
image_0068,0,1,1
image_0069,0,1,0
image_0070,0,0,1
image_0071,1,1,0
image_0072,1,1,0
image_0073,1,1,1
image_0074,1,1,0
image_0075,1,1,0
image_0076,1,1,1
image_0077,1,1,1
image_0078,0,0,0
image_0079,1,1,1
image_0080,1,1,0
image_0081,0,1,1
image_0082,1,0,0
image_0083,1,1,0
image_0084,0,0,0
image_0085,1,1,1
image_0086,0,1,1
image_0087,1,1,1
image_0088,1,1,1
image_0089,1,1,1
image_0090,1,1,1
image_0091,0,0,0
image_0092,0,0,0
image_0093,1,1,1
image_0094,0,1,0
image_0095,0,1,1
image_0096,1,1,1
image_0097,0,1,0
image_0098,1,0,0
image_0099,1,0,0
image_0100,1,1,1
image_0101,1,0,0
image_0102,1,1,1
image_0103,1,1,0
image_0104,1,1,0
image_0105,0,1,0
image_0106,0,0,0
image_0107,0,0,0
image_0108,0,0,0
image_0109,1,1,1
image_0110,1,1,1
image_0111,1,1,1
image_0112,1,1,1
image_0113,0,0,0
image_0114,1,1,1
image_0115,1,1,1
image_0116,0,0,0
image_0117,1,1,1
image_0118,1,1,0
image_0119,1,1,1
image_0120,1,1,0
image_0121,1,1,1
image_0122,0,0,0
image_0123,0,0,0
image_0124,1,1,1
image_0125,1,1,0
image_0126,1,1,1
image_0127,1,1,1
image_0128,1,1,1
image_0129,0,1,0
image_0130,0,0,0
image_0131,0,0,0
image_0132,0,0,0
image_0133,0,1,1
image_0134,1,0,0
image_0135,1,1,1
image_0136,1,1,0
image_0137,0,0,0
image_0138,0,1,0
image_0139,1,1,1
image_0140,1,0,0
image_0141,1,1,1
image_0142,1,1,0
image_0143,1,1,0
image_0144,1,1,1
image_0145,1,1,1
image_0146,1,1,1
image_0147,0,0,0
image_0148,0,0,0
image_0149,0,0,0
image_0150,0,0,0
image_0151,0,1,0
image_0152,0,0,0
image_0153,0,0,0
image_0154,0,1,0
image_0155,0,1,1
image_0156,0,0,0
image_0157,0,0,0
image_0158,0,1,0
image_0159,1,1,1
image_0160,1,1,1
image_0161,1,1,1
image_0162,0,0,0
image_0163,1,1,0
image_0164,1,1,1
image_0165,1,1,1
image_0166,1,1,1
image_0167,1,1,1
image_0168,0,1,0
image_0169,1,1,1
image_0170,1,0,0
image_0171,1,1,1
image_0172,1,1,1
image_0173,0,1,1
image_0174,1,1,0
image_0175,0,1,0
image_0176,1,1,1
image_0177,0,1,1
image_0178,1,0,0
image_0179,0,0,0
image_0180,0,0,0
image_0181,1,1,1
image_0182,1,1,1
image_0183,0,0,0
image_0184,1,1,1
image_0185,1,0,1
image_0186,1,1,0
image_0187,1,1,1
image_0188,1,1,1
image_0189,1,1,1
image_0190,1,1,1
image_0191,0,1,0
image_0192,0,0,0
image_0193,1,1,1
image_0194,1,1,1
image_0195,1,0,1
image_0196,1,1,1
image_0197,1,1,1
image_0198,0,0,0
image_0199,1,1,1
image_0200,1,1,1
image_0201,1,1,0
image_0202,0,0,0
image_0203,1,1,0
image_0204,0,1,0
image_0205,1,1,1
image_0206,1,0,0
image_0207,1,0,0
image_0208,1,1,1
image_0209,1,1,1
image_0210,1,1,0
image_0211,1,1,1
image_0212,1,1,1
image_0213,0,0,0
image_0214,0,0,0
image_0215,0,0,0
image_0216,1,1,0
image_0217,0,0,0
image_0218,0,0,0
image_0219,1,1,1
image_0220,0,0,0
image_0221,0,0,0
image_0222,1,1,1
image_0223,1,1,1
image_0224,0,0,0
image_0225,0,1,1
image_0226,1,1,0
image_0227,1,0,0
image_0228,1,1,1
image_0229,1,1,1
image_0230,1,1,1
image_0231,0,0,0
image_0232,1,1,1
image_0233,0,0,0
image_0234,0,1,1
image_0235,0,1,0
image_0236,0,1,1
image_0237,1,1,0
image_0238,1,1,1
image_0239,0,0,0
image_0240,1,1,1
image_0241,0,1,1
image_0242,1,1,1
image_0243,0,0,0
image_0244,1,1,0
image_0245,0,0,0
image_0246,0,0,0
image_0247,1,1,0
image_0248,0,0,0
image_0249,1,1,1
image_0250,0,0,0
image_0251,0,0,0
image_0252,1,1,1
image_0253,0,0,0
image_0254,0,0,0
image_0255,1,0,0
image_0256,1,1,1
image_0257,0,0,0
image_0258,1,0,0
image_0259,0,0,0
image_0260,0,0,0
image_0261,0,1,1
image_0262,1,1,1
image_0263,0,1,1
image_0264,1,0,0
image_0265,0,1,1
image_0266,1,1,1
image_0267,1,1,1
image_0268,0,0,0
image_0269,0,0,0
image_0270,0,1,1
image_0271,0,1,1
image_0272,1,1,0
image_0273,1,0,0
image_0274,0,0,0
image_0275,0,0,0
image_0276,1,1,1
image_0277,1,1,1
image_0278,1,1,1
image_0279,1,1,1
image_0280,1,1,1
image_0281,1,1,1
image_0282,1,1,1
image_0283,0,1,1
image_0284,0,1,0
image_0285,1,1,1
image_0286,1,1,1
image_0287,0,1,1
image_0288,1,1,0
image_0289,0,1,0
image_0290,0,0,0
image_0291,1,0,0
image_0292,0,1,0
image_0293,1,1,1
image_0294,1,1,1
image_0295,1,1,1
image_0296,1,1,1
image_0297,0,0,0
image_0298,0,0,0
image_0299,0,1,0
image_0300,1,0,0
image_0301,0,1,1
image_0302,1,0,0
image_0303,1,1,1
image_0304,1,0,0
image_0305,0,0,0
image_0306,1,0,0
image_0307,1,1,1
image_0308,1,1,1
image_0309,0,1,1
image_0310,0,0,0
image_0311,1,1,1
image_0312,0,1,1
image_0313,1,0,0
image_0314,1,0,0
image_0315,1,1,1
image_0316,1,1,1
image_0317,0,0,0
image_0318,0,1,0
image_0319,0,0,0
image_0320,1,1,1
image_0321,1,1,1
image_0322,0,1,1
image_0323,1,1,1
image_0324,1,1,1
image_0325,0,0,0
image_0326,1,1,1
image_0327,0,1,0
image_0328,1,1,1
image_0329,1,0,0
image_0330,1,0,0
image_0331,0,0,0
image_0332,0,1,0
image_0333,1,1,1
image_0334,1,1,1
image_0335,1,1,1
image_0336,1,1,1
image_0337,0,1,1
image_0338,1,1,1
image_0339,1,1,0
image_0340,0,0,0
image_0341,1,1,1
image_0342,1,0,0
image_0343,1,1,1
image_0344,1,1,1
image_0345,1,1,0
image_0346,1,1,1
image_0347,1,0,0
image_0348,1,1,1
image_0349,1,1,1
image_0350,1,1,1
image_0351,0,1,1
image_0352,1,1,1
image_0353,1,1,1
image_0354,1,1,1
image_0355,1,1,1
image_0356,1,1,1
image_0357,0,0,0
image_0358,1,1,1
image_0359,0,0,0
image_0360,1,1,1
image_0361,0,1,0
image_0362,1,0,0
image_0363,0,0,0
image_0364,0,0,0
image_0365,1,1,1
image_0366,1,1,1
image_0367,1,1,1
image_0368,1,1,1
image_0369,1,1,0
image_0370,1,1,1
image_0371,0,0,0
image_0372,0,0,0
image_0373,1,0,0
image_0374,0,1,0
image_0375,0,0,0
image_0376,1,1,1
image_0377,1,1,0
image_0378,0,1,0
image_0379,0,0,0
image_0380,1,1,0
image_0381,1,1,0
image_0382,1,1,1
image_0383,0,1,1
image_0384,1,1,1
image_0385,1,1,1
image_0386,0,0,0
image_0387,1,1,1
image_0388,0,0,0
image_0389,1,1,1
image_0390,1,1,1
image_0391,0,1,0
image_0392,1,1,1
image_0393,0,0,0
image_0394,0,0,0
image_0395,1,1,1
image_0396,1,0,1
image_0397,1,0,0
image_0398,0,1,1
image_0399,1,1,1
image_0400,0,0,0
image_0401,1,0,0
image_0402,1,0,0
image_0403,0,0,0
image_0404,0,1,1
image_0405,1,0,0
image_0406,1,1,1
image_0407,1,1,1
image_0408,0,0,0
image_0409,1,1,1
image_0410,1,0,0
image_0411,1,1,0
image_0412,1,1,0
image_0413,1,0,0
image_0414,0,1,1
image_0415,1,1,1
image_0416,1,1,1
image_0417,1,1,0
image_0418,0,0,0
image_0419,0,1,1
image_0420,1,1,1
image_0421,1,1,0
image_0422,0,0,0
image_0423,1,1,1
image_0424,1,1,1
image_0425,1,1,1
image_0426,1,1,1
image_0427,0,0,0
image_0428,0,0,0
image_0429,1,1,1
image_0430,1,1,1
image_0431,0,0,0
image_0432,1,1,0
image_0433,1,1,1
image_0434,0,0,0
image_0435,1,1,1
image_0436,1,0,0
image_0437,0,1,1
image_0438,0,0,0
image_0439,1,1,1
image_0440,1,1,1
image_0441,1,1,1
image_0442,1,1,1
image_0443,0,0,0
image_0444,0,1,0
image_0445,0,0,0
image_0446,0,0,0
image_0447,0,0,0
image_0448,0,1,1
image_0449,0,0,0
image_0450,0,0,0
image_0451,0,1,0
image_0452,1,1,1
image_0453,1,1,0
image_0454,1,1,1
image_0455,1,1,1
image_0456,1,0,0
image_0457,1,1,1
image_0458,1,1,1
image_0459,1,1,1
image_0460,0,1,1
image_0461,1,1,1
image_0462,1,1,1
image_0463,0,0,0
image_0464,1,1,1
image_0465,1,1,0
image_0466,0,1,1
image_0467,0,0,0
image_0468,0,0,0
image_0469,0,0,0
image_0470,1,1,1
image_0471,0,1,0
image_0472,1,1,1
image_0473,0,0,0
image_0474,1,1,1
image_0475,0,0,0
image_0476,1,0,0
image_0477,1,1,1
image_0478,0,0,0
image_0479,0,0,0
image_0480,0,1,1
image_0481,1,1,1
image_0482,1,1,1
image_0483,0,0,0
image_0484,1,1,0
image_0485,0,0,0
image_0486,1,1,1
image_0487,0,1,0
image_0488,1,0,0
image_0489,0,1,0
image_0490,0,0,0
image_0491,0,0,0
image_0492,0,0,0
image_0493,1,1,1
image_0494,1,1,1
image_0495,1,1,0
image_0496,1,1,1
image_0497,1,1,1
image_0498,1,1,1
image_0499,1,1,1
image_0500,1,0,0
image_0501,0,1,0
image_0502,0,0,0
image_0503,0,1,1
image_0504,1,1,1
image_0505,0,0,0
image_0506,1,1,0
image_0507,1,1,1
image_0508,1,1,1
image_0509,1,1,1
image_0510,0,0,0
image_0511,1,1,1
image_0512,0,1,0
image_0513,1,1,1
image_0514,1,1,1
image_0515,1,1,1
image_0516,0,1,1
image_0517,0,1,0
image_0518,0,0,0
image_0519,0,0,0
image_0520,0,0,0
image_0521,0,1,1
image_0522,0,0,0
image_0523,0,0,0
image_0524,0,1,1
image_0525,1,1,1
image_0526,0,1,0
image_0527,0,1,0
image_0528,1,1,1
image_0529,1,1,1
image_0530,1,1,1
image_0531,1,1,1
image_0532,0,1,1
image_0533,0,1,0
image_0534,0,1,0
image_0535,0,0,0
image_0536,0,0,0
image_0537,1,1,0
image_0538,0,0,0
image_0539,0,0,0
image_0540,1,1,1
image_0541,0,1,0
image_0542,0,0,0
image_0543,1,1,1
image_0544,0,1,0
image_0545,0,0,0
image_0546,1,1,1
image_0547,1,1,0
image_0548,1,1,1
image_0549,1,1,1
image_0550,1,0,0
image_0551,1,0,0
image_0552,0,0,0
image_0553,1,0,0
image_0554,1,1,1
image_0555,1,1,0
image_0556,1,1,1
image_0557,0,0,0
image_0558,1,1,0
image_0559,0,0,0
image_0560,1,1,0
image_0561,1,1,1
image_0562,1,1,1
image_0563,0,0,0
image_0564,1,1,1
image_0565,1,1,1
image_0566,1,1,1
image_0567,1,1,1
image_0568,1,1,1
image_0569,1,1,1
image_0570,1,1,1
image_0571,1,1,1
image_0572,1,1,1
image_0573,0,0,0
image_0574,1,1,0
image_0575,1,1,1
image_0576,1,1,1
image_0577,1,1,1
image_0578,1,1,1
image_0579,1,1,1
image_0580,1,1,1
image_0581,1,0,0
image_0582,1,1,1
image_0583,1,1,1
image_0584,1,1,1
image_0585,1,1,1
image_0586,0,1,0
image_0587,1,1,0
image_0588,1,1,1
image_0589,1,0,0
image_0590,1,1,1
image_0591,1,1,1
image_0592,0,1,1
image_0593,1,1,1
image_0594,1,1,0
image_0595,0,0,0
image_0596,1,1,1
image_0597,0,0,0
image_0598,1,1,0
image_0599,0,0,0
image_0600,0,0,0
image_0601,1,1,1
image_0602,1,1,1
image_0603,0,1,0
image_0604,1,1,1
image_0605,1,1,0
image_0606,1,0,0
image_0607,1,1,0
image_0608,1,0,0
image_0609,1,1,1
image_0610,1,1,1
image_0611,0,0,0
image_0612,1,1,0
image_0613,0,0,0
image_0614,1,1,1
image_0615,1,1,0
image_0616,1,1,0
image_0617,0,0,0
image_0618,1,1,1
image_0619,1,1,1
image_0620,1,1,1
image_0621,1,1,1
image_0622,0,1,1
image_0623,1,1,1
image_0624,1,1,1
image_0625,0,0,0
image_0626,0,1,1
image_0627,0,1,1
image_0628,1,1,1
image_0629,1,1,0
image_0630,0,0,0
image_0631,0,1,1
image_0632,0,1,0
image_0633,1,0,0
image_0634,1,1,1
image_0635,0,0,0
image_0636,1,1,1
image_0637,1,1,1
image_0638,1,1,0
image_0639,0,0,0
image_0640,1,1,1
image_0641,0,0,0
image_0642,1,1,1
image_0643,1,1,1
image_0644,0,0,0
image_0645,0,0,0
image_0646,0,1,0
image_0647,0,1,0
image_0648,0,0,0
image_0649,0,1,0
image_0650,1,1,1
image_0651,0,0,0
image_0652,0,0,0
image_0653,0,1,0
image_0654,1,1,1
image_0655,1,1,0
image_0656,0,0,0
image_0657,1,1,1
image_0658,0,0,0
image_0659,0,1,0
image_0660,1,1,1
image_0661,1,1,1
image_0662,1,0,1
image_0663,0,0,0
image_0664,1,1,1
image_0665,1,1,1
image_0666,1,1,1
image_0667,0,1,1
image_0668,1,1,1
image_0669,0,0,0
image_0670,1,1,1
image_0671,1,1,0
image_0672,1,1,1
image_0673,0,1,0
image_0674,1,0,0
image_0675,0,1,1
image_0676,1,1,1
image_0677,0,1,1
image_0678,1,1,1
image_0679,1,1,1
image_0680,0,0,0
image_0681,0,0,0
image_0682,1,0,0
image_0683,0,0,0
image_0684,1,0,0
image_0685,1,1,1
image_0686,1,1,1
image_0687,0,1,1
image_0688,1,1,0
image_0689,0,1,0
image_0690,1,1,1
image_0691,0,0,0
image_0692,0,1,0
image_0693,0,1,1
image_0694,1,0,0
image_0695,0,0,0
image_0696,1,1,1
image_0697,1,1,1
image_0698,1,1,1
image_0699,1,1,1
image_0700,0,0,0
image_0701,0,0,0
image_0702,0,0,0
image_0703,1,1,1
image_0704,1,1,1
image_0705,0,1,0
image_0706,1,1,1
image_0707,1,1,0
image_0708,1,0,0
image_0709,1,1,1
image_0710,0,1,1
image_0711,1,1,1
image_0712,0,1,0
image_0713,1,1,1
image_0714,0,0,0
image_0715,1,1,1
image_0716,1,1,1
image_0717,1,1,0
image_0718,1,1,1
image_0719,1,1,1
image_0720,0,0,0
image_0721,0,0,0
image_0722,1,1,0
image_0723,0,1,0
image_0724,1,1,0
image_0725,1,1,0
image_0726,1,1,1
image_0727,1,1,1
image_0728,0,0,0
image_0729,1,1,1
image_0730,1,1,0
image_0731,1,1,1
image_0732,0,1,1
image_0733,1,0,0
image_0734,1,0,0
image_0735,0,0,0
image_0736,1,1,1
image_0737,0,0,0
image_0738,1,1,0
image_0739,0,0,0
image_0740,1,1,1
image_0741,0,1,0
image_0742,1,1,0
image_0743,1,0,0
image_0744,0,1,1
image_0745,0,0,1
image_0746,1,1,1
image_0747,1,1,1
image_0748,1,0,0
image_0749,1,1,1
image_0750,1,0,0
image_0751,0,1,1
image_0752,1,1,0
image_0753,1,1,1
image_0754,1,0,0
image_0755,1,1,1
image_0756,1,1,1
image_0757,1,1,1
image_0758,0,1,1
image_0759,0,1,0
image_0760,0,0,0
image_0761,0,1,0
image_0762,1,1,1
image_0763,0,1,0
image_0764,1,1,1
image_0765,1,1,1
image_0766,0,0,0
image_0767,1,1,1
image_0768,1,1,0
image_0769,0,0,0
image_0770,1,0,0
image_0771,1,1,0
image_0772,0,0,1
image_0773,1,1,0
image_0774,1,1,0
image_0775,0,1,1
image_0776,0,0,0
image_0777,0,0,0
image_0778,1,1,1
image_0779,1,0,0
image_0780,0,0,0
image_0781,1,1,1
image_0782,1,1,0
image_0783,1,1,1
image_0784,0,1,1
image_0785,1,1,1
image_0786,1,1,1
image_0787,1,1,1
image_0788,0,0,0
image_0789,0,1,1
image_0790,0,0,0
image_0791,0,0,0
image_0792,0,0,0
image_0793,1,1,0
image_0794,1,1,1
image_0795,1,1,1
image_0796,1,1,0
image_0797,1,0,0
image_0798,0,0,0
image_0799,0,0,0
image_0800,1,1,1
image_0801,0,0,0
image_0802,1,1,1
image_0803,0,0,0
image_0804,0,1,1
image_0805,1,1,1
image_0806,1,1,1
image_0807,1,0,0
image_0808,1,1,1
image_0809,0,0,0
image_0810,0,0,0
image_0811,0,1,1
image_0812,1,1,1
image_0813,0,1,0
image_0814,0,1,1
image_0815,1,1,1
image_0816,0,1,1
image_0817,1,1,1
image_0818,0,0,0
image_0819,1,1,1
image_0820,0,0,0
image_0821,1,1,1
image_0822,1,1,0
image_0823,1,1,0
image_0824,1,0,0
image_0825,1,1,0
image_0826,0,0,0
image_0827,0,0,0
image_0828,1,1,0
image_0829,1,1,1
image_0830,0,1,1
image_0831,1,1,1
image_0832,1,1,1
image_0833,1,1,1
image_0834,0,0,0
image_0835,1,1,1
image_0836,0,1,1
image_0837,0,0,0
image_0838,1,1,1
image_0839,1,1,1
image_0840,1,1,1
image_0841,0,1,0
image_0842,0,0,0
image_0843,0,1,1
image_0844,0,1,0
image_0845,1,1,1
image_0846,0,1,0
image_0847,1,0,0
image_0848,0,1,1
image_0849,1,1,1
image_0850,0,1,0
image_0851,0,0,0
image_0852,0,0,0
image_0853,1,1,1
image_0854,0,0,0
image_0855,1,1,1
image_0856,0,0,0
image_0857,0,1,0
image_0858,1,1,1
image_0859,0,1,0
image_0860,1,1,0
image_0861,0,0,0
image_0862,1,1,1
image_0863,1,1,1
image_0864,1,1,0
image_0865,0,0,0
image_0866,0,1,1
image_0867,1,0,0
image_0868,1,1,1
image_0869,1,1,1
image_0870,1,1,1
image_0871,1,0,0
image_0872,1,1,1
image_0873,1,1,1
image_0874,1,1,1
image_0875,0,0,0
image_0876,1,1,0
image_0877,1,1,1
image_0878,0,0,0
image_0879,1,1,1
image_0880,1,1,0
image_0881,1,1,1
image_0882,1,1,1
image_0883,1,1,0
image_0884,1,1,0
image_0885,0,1,1
image_0886,1,1,1
image_0887,1,1,1
image_0888,1,1,1
image_0889,0,0,0
image_0890,1,1,1
image_0891,1,1,1
image_0892,1,0,0
image_0893,0,0,1
image_0894,0,0,0
image_0895,1,1,0
image_0896,1,1,1
image_0897,1,1,0
image_0898,1,1,1
image_0899,1,1,0
image_0900,1,1,1
image_0901,0,1,1
image_0902,1,1,1
image_0903,0,0,0
image_0904,1,1,1
image_0905,0,1,1
image_0906,0,0,0
image_0907,0,1,1
image_0908,1,1,1
image_0909,0,1,1
image_0910,1,1,1
image_0911,0,1,0
image_0912,1,1,1
image_0913,0,0,0
image_0914,1,1,1
image_0915,1,1,1
image_0916,1,1,1
image_0917,0,1,0
image_0918,1,1,0
image_0919,0,0,0
image_0920,1,1,1
image_0921,1,1,0
image_0922,0,0,0
image_0923,1,1,1
image_0924,1,1,1
image_0925,0,0,0
image_0926,0,0,0
image_0927,0,1,1
image_0928,1,1,1
image_0929,1,1,1
image_0930,0,0,0
image_0931,0,1,1
image_0932,1,1,1
image_0933,1,0,0
image_0934,0,0,0
image_0935,0,1,1
image_0936,0,0,0
image_0937,0,0,0
image_0938,1,1,0
image_0939,1,1,1
image_0940,1,1,1
image_0941,1,1,1
image_0942,1,0,0
image_0943,1,1,1
image_0944,1,1,1
image_0945,0,0,0
image_0946,0,1,0
image_0947,1,0,0
image_0948,0,1,1
image_0949,0,0,0
image_0950,1,1,0
image_0951,0,0,0
image_0952,1,0,0
image_0953,1,0,0
image_0954,0,0,0
image_0955,1,1,0
image_0956,1,1,1
image_0957,0,1,0
image_0958,1,0,0
image_0959,0,0,0
image_0960,0,0,0
image_0961,1,1,1
image_0962,0,0,0
image_0963,0,0,0
image_0964,0,0,0
image_0965,1,1,1
image_0966,0,1,0
image_0967,1,1,1
image_0968,1,1,1
image_0969,0,1,0
image_0970,0,1,1
image_0971,1,1,1
image_0972,1,1,1
image_0973,1,1,1
image_0974,1,1,1
image_0975,1,1,1
image_0976,0,0,0
image_0977,1,1,1
image_0978,0,0,0
image_0979,0,0,0
image_0980,0,0,0
image_0981,1,1,1
image_0982,0,0,0
image_0983,0,0,0
image_0984,1,1,1
image_0985,0,0,0
image_0986,1,1,1
image_0987,1,0,0
image_0988,0,0,0
image_0989,1,1,1
image_0990,0,0,0
image_0991,1,1,1
image_0992,1,1,1
image_0993,1,1,1
image_0994,0,1,1
image_0995,1,1,0
image_0996,1,1,1
image_0997,0,0,0
image_0998,1,1,1
image_0999,1,0,0
image_1000,0,1,1
image_1001,1,0,0
image_1002,1,1,1
image_1003,1,1,1
image_1004,1,1,1
image_1005,1,0,0
image_1006,0,0,0
image_1007,0,1,1
image_1008,1,1,1
image_1009,1,1,1
image_1010,1,1,1
image_1011,0,0,0
image_1012,1,0,0
image_1013,1,1,0
image_1014,1,0,0
image_1015,1,0,0
image_1016,0,0,0
image_1017,0,0,0
image_1018,1,1,1
image_1019,0,0,0
image_1020,1,1,1
image_1021,1,0,0
image_1022,0,1,0
image_1023,0,1,1
image_1024,0,1,1
image_1025,0,0,0
image_1026,0,0,0
image_1027,0,0,0
image_1028,1,0,0
image_1029,0,1,1
image_1030,1,1,1
image_1031,1,0,0
image_1032,0,1,0
image_1033,0,0,0
image_1034,1,0,0
image_1035,0,0,0
image_1036,0,0,0
image_1037,0,0,0
image_1038,1,1,1
image_1039,1,1,1
image_1040,1,1,1
image_1041,1,1,1
image_1042,0,0,0
image_1043,1,1,1
image_1044,1,0,0
image_1045,1,1,1
image_1046,1,1,1
image_1047,0,0,0
image_1048,0,1,0
image_1049,1,1,1
image_1050,1,1,1
image_1051,0,1,1
image_1052,1,1,0
image_1053,0,0,0
image_1054,1,1,0
image_1055,0,1,0
image_1056,1,0,0
image_1057,0,0,0
image_1058,0,0,0
image_1059,1,0,0
image_1060,0,1,0
image_1061,1,1,1
image_1062,1,1,1
image_1063,1,1,1
image_1064,1,1,1
image_1065,0,0,0
image_1066,0,0,0
image_1067,1,1,1
image_1068,1,1,0
image_1069,1,0,0
image_1070,0,0,0
image_1071,1,1,1
image_1072,1,1,1
image_1073,1,1,0
image_1074,0,1,0
image_1075,1,1,1
image_1076,1,1,0
image_1077,1,1,1
image_1078,0,0,0
image_1079,0,0,0
image_1080,0,0,0
image_1081,1,1,1
image_1082,0,0,0
image_1083,0,0,0
image_1084,1,1,1
image_1085,1,1,1
image_1086,1,1,0
image_1087,0,1,0
image_1088,0,0,0
image_1089,0,1,0
image_1090,0,0,0
image_1091,0,0,0
image_1092,1,0,0
image_1093,0,1,0
image_1094,1,1,1
image_1095,0,1,0
image_1096,1,1,0
image_1097,1,1,1
image_1098,1,1,1
image_1099,1,0,0
image_1100,0,0,0
image_1101,1,1,1
image_1102,0,0,0
image_1103,0,0,0
image_1104,0,1,0
image_1105,1,1,1
image_1106,1,1,0
image_1107,0,0,0
image_1108,0,1,1
image_1109,0,0,0
image_1110,1,1,0
image_1111,0,0,0
image_1112,0,1,0
image_1113,1,1,1
image_1114,0,1,0
image_1115,1,1,0
image_1116,1,1,0
image_1117,0,0,0
image_1118,1,0,0
image_1119,0,1,1
image_1120,1,1,1
image_1121,1,0,0
image_1122,1,1,0
image_1123,1,0,0
image_1124,1,1,1
image_1125,1,1,0
image_1126,1,1,1
image_1127,0,1,1
image_1128,1,1,1
image_1129,1,1,0
image_1130,0,0,0
image_1131,0,0,0
image_1132,0,0,0
image_1133,1,1,0
image_1134,1,1,1
image_1135,1,1,1
image_1136,1,1,1
image_1137,0,0,0
image_1138,1,1,1
image_1139,1,1,0
image_1140,1,1,1
image_1141,0,1,0
image_1142,1,0,0
image_1143,0,0,0
image_1144,0,0,0
image_1145,0,0,0
image_1146,0,0,0
image_1147,1,1,1
image_1148,0,1,0
image_1149,0,0,0
image_1150,0,0,0
image_1151,1,1,1
image_1152,1,0,0
image_1153,1,1,1
image_1154,0,0,0
image_1155,1,1,1
image_1156,1,1,1
image_1157,1,1,0
image_1158,0,1,1
image_1159,0,0,0
image_1160,0,0,0
image_1161,1,1,1
image_1162,0,1,1
image_1163,0,0,1
image_1164,1,1,1
image_1165,1,1,0
image_1166,1,0,0
image_1167,0,0,0
image_1168,1,0,0
image_1169,0,0,0
image_1170,0,1,1
image_1171,1,0,0
image_1172,1,1,0
image_1173,1,1,1
image_1174,0,0,0
image_1175,1,0,0
image_1176,1,1,1
image_1177,1,1,1
image_1178,1,1,1
image_1179,1,1,1
image_1180,0,1,0
image_1181,1,1,1
image_1182,1,1,1
image_1183,0,0,0
image_1184,1,0,0
image_1185,0,0,0
image_1186,1,0,0
image_1187,1,1,1
image_1188,1,1,1
image_1189,0,0,0
image_1190,0,0,0
image_1191,1,0,0
image_1192,1,0,0
image_1193,1,1,1
image_1194,0,1,0
image_1195,1,1,1
image_1196,1,0,0
image_1197,1,1,1
image_1198,1,0,0
image_1199,0,1,0
image_1200,1,0,1
image_1201,1,1,1
image_1202,1,1,1
image_1203,0,1,1
image_1204,1,0,0
image_1205,1,0,0
image_1206,1,1,1
image_1207,0,0,0
image_1208,1,1,1
image_1209,0,0,0
image_1210,1,1,1
image_1211,0,0,0
image_1212,1,1,1
image_1213,1,1,0
image_1214,0,1,0
image_1215,1,1,0
image_1216,1,1,1
image_1217,1,1,0
image_1218,0,0,0
image_1219,0,1,0
image_1220,0,0,1
image_1221,0,0,0
image_1222,0,1,1
image_1223,0,0,0
image_1224,1,1,0
image_1225,0,0,0
image_1226,0,0,0
image_1227,0,0,0
image_1228,1,1,1
image_1229,0,0,0
image_1230,1,1,0
image_1231,1,1,1
image_1232,0,1,1
image_1233,0,0,0
image_1234,1,0,1
image_1235,0,0,1
image_1236,1,1,0
image_1237,0,1,0
image_1238,1,1,1
image_1239,0,0,0
image_1240,0,1,1
image_1241,0,0,0
image_1242,1,1,1
image_1243,0,1,0
image_1244,1,1,1
image_1245,1,1,0
image_1246,0,1,1
image_1247,0,0,0
image_1248,0,1,0
image_1249,1,0,0
image_1250,0,1,0
image_1251,0,1,1
image_1252,1,1,0
image_1253,1,1,0
image_1254,0,0,0
image_1255,1,1,1
image_1256,0,0,0
image_1257,0,0,0
image_1258,1,0,0
image_1259,1,1,1
image_1260,0,0,0
image_1261,0,1,1
image_1262,0,0,0
image_1263,1,1,1
image_1264,1,1,1
image_1265,0,1,0
image_1266,1,1,0
image_1267,1,1,1
image_1268,1,1,1
image_1269,0,1,1
image_1270,1,1,1
image_1271,0,0,0
image_1272,0,0,1
image_1273,1,0,0
image_1274,1,0,0
image_1275,1,1,1
image_1276,1,1,0
image_1277,1,1,1
image_1278,1,1,1
image_1279,0,0,0
image_1280,0,1,1
image_1281,0,0,0
image_1282,0,1,0
image_1283,0,0,0
image_1284,1,0,0
image_1285,1,1,1
image_1286,0,0,0
image_1287,0,1,0
image_1288,1,1,1
image_1289,0,0,0
image_1290,0,1,0
image_1291,1,1,0
image_1292,0,0,0
image_1293,0,0,0
image_1294,1,1,0
image_1295,1,1,1
image_1296,1,1,0
image_1297,0,1,0
image_1298,0,0,0
image_1299,1,1,1
image_1300,1,1,1
image_1301,1,1,1
image_1302,0,0,0
image_1303,0,0,0
image_1304,0,0,0
image_1305,1,1,1
image_1306,0,1,1
image_1307,1,1,1
image_1308,0,0,0
image_1309,0,1,1
image_1310,1,1,1
image_1311,1,0,1
image_1312,1,0,0
image_1313,0,1,0
image_1314,1,0,0
image_1315,1,1,1
image_1316,1,1,1
image_1317,1,1,1
image_1318,1,1,1
image_1319,0,1,1
image_1320,0,1,1
image_1321,0,0,0
image_1322,0,0,0
image_1323,0,0,0
image_1324,0,0,0
image_1325,1,0,0
image_1326,1,1,0
image_1327,0,1,0
image_1328,0,1,1
image_1329,0,1,0
image_1330,1,1,1
image_1331,0,0,0
image_1332,0,0,0
image_1333,0,0,0
image_1334,0,0,0
image_1335,1,1,1
image_1336,1,1,0
image_1337,1,1,1
image_1338,1,1,1
image_1339,1,1,1
image_1340,1,1,1
image_1341,1,1,1
image_1342,0,1,1
image_1343,1,1,1
image_1344,0,1,0
image_1345,1,1,1
image_1346,0,0,0
image_1347,1,1,1
image_1348,1,1,1
image_1349,1,1,1
image_1350,1,1,1
image_1351,1,0,0
image_1352,0,1,0
image_1353,0,0,0
image_1354,0,0,0
image_1355,0,1,1
image_1356,1,1,1
image_1357,1,1,1
image_1358,1,1,0
image_1359,1,1,1
image_1360,1,1,1
image_1361,1,1,1
image_1362,1,1,1
image_1363,1,0,0
image_1364,1,1,1
image_1365,1,1,1
image_1366,1,0,0
image_1367,1,1,0
image_1368,1,1,1
image_1369,1,1,1
image_1370,1,0,0
image_1371,0,0,0
image_1372,1,1,1
image_1373,1,1,1
image_1374,1,1,1
image_1375,0,0,0
image_1376,1,1,1
image_1377,0,0,0
image_1378,1,1,1
image_1379,1,1,1
image_1380,1,1,1
image_1381,1,1,1
image_1382,1,1,1
image_1383,1,1,1
image_1384,1,1,1
image_1385,1,1,0
image_1386,1,0,0
image_1387,1,1,1
image_1388,1,0,0
image_1389,1,1,1
image_1390,0,0,0
image_1391,1,1,1
image_1392,1,1,0
image_1393,1,1,1
image_1394,0,0,0
image_1395,1,1,1
image_1396,1,1,0
image_1397,1,1,1
image_1398,0,1,0
image_1399,1,1,1
image_1400,1,1,1
image_1401,1,1,0
image_1402,1,0,0
image_1403,1,1,1
image_1404,0,0,0
image_1405,1,0,0
image_1406,1,1,0
image_1407,1,1,1
image_1408,0,0,0
image_1409,1,1,0
image_1410,1,0,0
image_1411,0,0,0
image_1412,1,0,0
image_1413,0,0,0
image_1414,0,0,0
image_1415,0,1,1
image_1416,1,1,1
image_1417,0,0,0
image_1418,1,1,1
image_1419,0,0,0
image_1420,1,1,1
image_1421,0,0,0
image_1422,1,1,1
image_1423,1,1,1
image_1424,1,1,0
image_1425,0,0,0
image_1426,1,1,0
image_1427,1,1,0
image_1428,1,1,1
image_1429,0,1,0
image_1430,0,0,0
image_1431,0,0,0
image_1432,1,1,1
image_1433,0,1,0
image_1434,1,1,1
image_1435,1,1,1
image_1436,1,1,1
image_1437,1,1,1
image_1438,1,1,1
image_1439,0,1,0
image_1440,1,1,1
image_1441,1,1,1
image_1442,0,0,0
image_1443,0,0,0
image_1444,1,1,1
image_1445,1,1,1
image_1446,0,1,0
image_1447,1,1,1
image_1448,0,1,1
image_1449,0,0,0
image_1450,0,0,0
image_1451,0,0,0
image_1452,1,1,1
image_1453,1,0,0
image_1454,1,1,1
image_1455,1,0,0
image_1456,0,0,0
image_1457,1,1,1
image_1458,0,0,0
image_1459,0,1,0
image_1460,0,0,0
image_1461,0,0,0
image_1462,0,1,0
image_1463,0,1,0
image_1464,1,1,1
image_1465,1,1,0
image_1466,0,0,0
image_1467,1,1,1
image_1468,1,1,1
image_1469,0,1,1
image_1470,1,1,0
image_1471,0,1,1
image_1472,1,0,1
image_1473,0,0,0
image_1474,1,0,0
image_1475,0,0,0
image_1476,0,0,0
image_1477,1,1,0
image_1478,1,1,1
image_1479,0,1,0
image_1480,0,1,1
image_1481,0,0,0
image_1482,1,1,1
image_1483,1,0,0
image_1484,0,0,0
image_1485,1,1,1
image_1486,0,0,0
image_1487,0,0,0
image_1488,1,1,1
image_1489,1,1,1
image_1490,0,0,0
image_1491,1,1,1
image_1492,1,1,1
image_1493,1,1,1
image_1494,0,0,0
image_1495,0,0,0
image_1496,1,1,1
image_1497,0,0,0
image_1498,1,1,0
image_1499,0,1,0
image_1500,1,1,1
image_1501,0,1,1
image_1502,1,1,1
image_1503,1,1,1
image_1504,0,0,0
image_1505,0,1,1
image_1506,1,1,0
image_1507,1,1,1
image_1508,1,0,0
image_1509,1,1,1
image_1510,0,1,0
image_1511,1,1,0
image_1512,0,1,0
image_1513,1,1,1
image_1514,1,1,1
image_1515,1,1,1
image_1516,0,1,1
image_1517,1,1,0
image_1518,0,1,1
image_1519,1,1,1
image_1520,0,0,0
image_1521,1,1,1
image_1522,1,1,1
image_1523,0,0,0
image_1524,0,0,0
image_1525,1,1,1
image_1526,1,1,1
image_1527,0,0,0
image_1528,0,0,0
image_1529,0,0,0
image_1530,0,1,1
image_1531,0,0,0
image_1532,0,0,0
image_1533,1,1,1
image_1534,1,1,1
image_1535,1,0,0
image_1536,1,0,0
image_1537,1,1,1
image_1538,1,0,0
image_1539,1,1,1
image_1540,1,0,0
image_1541,1,1,1
image_1542,1,1,1
image_1543,1,1,1
image_1544,0,0,0
image_1545,0,0,0
image_1546,1,1,0
image_1547,1,1,1
image_1548,0,0,0
image_1549,0,1,1
image_1550,1,1,1
image_1551,0,0,0
image_1552,1,1,1
image_1553,0,0,0
image_1554,1,1,1
image_1555,0,0,0
image_1556,0,1,0
image_1557,1,1,0
image_1558,0,1,0
image_1559,1,1,1
image_1560,0,0,0
image_1561,0,1,0
image_1562,0,0,0
image_1563,0,0,0
image_1564,1,0,0
image_1565,1,1,1
image_1566,0,1,1
image_1567,0,1,1
image_1568,1,1,0
image_1569,1,1,1
image_1570,1,1,1
image_1571,0,1,1
image_1572,1,1,1
image_1573,0,0,0
image_1574,1,1,1
image_1575,1,1,0
image_1576,1,0,0
image_1577,0,0,0
image_1578,0,0,0
image_1579,1,1,1
image_1580,0,1,1
image_1581,0,1,1
image_1582,0,0,0
image_1583,1,1,0
image_1584,0,1,0
image_1585,1,1,0
image_1586,1,0,0
image_1587,1,1,0
image_1588,0,0,0
image_1589,1,1,1
image_1590,0,1,1
image_1591,1,0,0
image_1592,0,0,0
image_1593,1,1,0
image_1594,1,1,1
image_1595,0,1,1
image_1596,1,1,1
image_1597,0,1,0
image_1598,1,1,1
image_1599,1,1,0
image_1600,1,0,0
image_1601,1,0,0
image_1602,1,1,1
image_1603,1,1,1
image_1604,1,1,0
image_1605,1,1,1
image_1606,1,1,1
image_1607,1,1,1
image_1608,1,1,1
image_1609,1,1,1
image_1610,1,1,1
image_1611,1,1,1
image_1612,0,1,1
image_1613,0,1,0
image_1614,0,1,1
image_1615,1,0,0
image_1616,1,1,1
image_1617,1,1,1
image_1618,0,0,0
image_1619,0,0,0
image_1620,1,1,1
image_1621,0,0,0
image_1622,1,1,1
image_1623,1,1,0
image_1624,0,1,1
image_1625,0,0,0
image_1626,0,0,0
image_1627,1,1,0
image_1628,1,1,1
image_1629,1,1,0
image_1630,1,1,1
image_1631,1,1,0
image_1632,1,1,1
image_1633,1,1,1
image_1634,0,0,0
image_1635,1,1,1
image_1636,1,1,1
image_1637,0,1,0
image_1638,1,0,0
image_1639,0,0,0
image_1640,0,0,0
image_1641,0,0,0
image_1642,0,0,0
image_1643,0,0,0
image_1644,0,1,0
image_1645,1,1,0
image_1646,1,1,0
image_1647,1,1,1
image_1648,0,1,0
image_1649,1,1,0
image_1650,1,1,1
image_1651,1,1,1
image_1652,1,0,0
image_1653,1,1,1
image_1654,0,1,0
image_1655,1,1,1
image_1656,1,1,1
image_1657,0,1,1
image_1658,0,1,1
image_1659,1,1,1
image_1660,0,0,0
image_1661,1,1,1
image_1662,0,0,0
image_1663,0,0,0
image_1664,0,0,0
image_1665,1,1,1
image_1666,0,0,0
image_1667,0,1,1
image_1668,1,0,0
image_1669,0,0,0
image_1670,1,1,0
image_1671,0,0,0
image_1672,1,1,0
image_1673,1,0,0
image_1674,0,0,0
image_1675,0,1,0
image_1676,0,1,1
image_1677,1,1,1
image_1678,0,0,0
image_1679,1,1,1
image_1680,1,1,1
image_1681,1,1,0
image_1682,1,1,1
image_1683,1,1,1
image_1684,0,0,0
image_1685,1,1,1
image_1686,1,1,1
image_1687,1,0,0
image_1688,1,1,1
image_1689,0,1,0
image_1690,0,0,0
image_1691,1,1,1
image_1692,0,0,0
image_1693,0,1,1
image_1694,1,1,1
image_1695,1,1,1
image_1696,1,1,1
image_1697,1,1,1
image_1698,0,1,1
image_1699,0,1,1
image_1700,1,1,0
image_1701,0,1,1
image_1702,1,0,0
image_1703,1,1,1
image_1704,1,1,1
image_1705,1,1,1
image_1706,1,1,0
image_1707,0,1,1
image_1708,0,0,0
image_1709,1,1,0
image_1710,1,0,0
image_1711,1,1,1
image_1712,1,0,0
image_1713,1,0,0
image_1714,1,1,1
image_1715,1,1,1
image_1716,0,1,1
image_1717,0,1,1
image_1718,1,1,1
image_1719,0,0,0
image_1720,0,0,0
image_1721,1,1,0
image_1722,0,1,0
image_1723,1,1,0
image_1724,1,1,0
image_1725,1,1,1
image_1726,1,0,0
image_1727,0,1,1
image_1728,0,1,1
image_1729,1,1,1
image_1730,1,1,1
image_1731,1,1,0
image_1732,1,0,0
image_1733,1,1,1
image_1734,1,1,0
image_1735,1,0,0
image_1736,1,1,1
image_1737,1,1,1
image_1738,1,1,0
image_1739,1,1,0
image_1740,1,1,1
image_1741,1,1,0
image_1742,0,0,0
image_1743,1,0,0
image_1744,1,1,1
image_1745,0,0,0
image_1746,0,0,0
image_1747,1,1,0
image_1748,1,1,1
image_1749,1,1,1
image_1750,1,1,0
image_1751,1,1,1
image_1752,1,1,1
image_1753,1,1,1
image_1754,0,0,0
image_1755,1,1,0
image_1756,1,1,0
image_1757,1,1,1
image_1758,1,1,1
image_1759,0,1,0
image_1760,0,0,0
image_1761,1,1,1
image_1762,1,1,0
image_1763,1,1,1
image_1764,0,1,0
image_1765,0,1,0
image_1766,1,1,1
image_1767,0,1,1
image_1768,1,1,1
image_1769,1,1,1
image_1770,0,0,0
image_1771,1,1,1
image_1772,1,1,0
image_1773,1,1,1
image_1774,0,0,0
image_1775,0,0,0
image_1776,1,1,1
image_1777,1,1,1
image_1778,0,1,1
image_1779,0,1,1
image_1780,0,0,0
image_1781,1,1,1
image_1782,0,0,0
image_1783,1,1,1
image_1784,1,0,0
image_1785,1,1,0
image_1786,0,1,0
image_1787,0,0,0
image_1788,1,0,0
image_1789,0,0,0
image_1790,0,0,0
image_1791,1,0,0
image_1792,0,0,0
image_1793,1,1,1
image_1794,1,1,1
image_1795,0,1,1
image_1796,1,1,1
image_1797,1,1,1
image_1798,0,1,1
image_1799,1,1,1
image_1800,0,0,0
image_1801,0,0,0
image_1802,0,0,0
image_1803,1,1,1
image_1804,1,1,0
image_1805,0,0,0
image_1806,1,1,1
image_1807,1,0,0
image_1808,1,1,1
image_1809,1,0,0
image_1810,0,0,0
image_1811,0,0,0
image_1812,0,0,0
image_1813,1,1,1
image_1814,0,0,0
image_1815,1,1,1
image_1816,0,1,0
image_1817,0,0,0
image_1818,0,0,0
image_1819,1,1,0
image_1820,1,1,0
image_1821,0,0,0
image_1822,0,1,1
image_1823,1,0,0
image_1824,1,0,0
image_1825,0,1,0
image_1826,1,0,0
image_1827,0,0,0
image_1828,1,1,1
image_1829,1,1,1
image_1830,0,1,1
image_1831,0,0,0
image_1832,0,0,0
image_1833,1,1,0
image_1834,1,1,1
image_1835,0,0,0
image_1836,1,1,1
image_1837,1,1,0
image_1838,1,1,1
image_1839,1,1,1
image_1840,0,0,0
image_1841,1,1,0
image_1842,1,0,0
image_1843,1,0,0
image_1844,0,1,1
image_1845,1,1,1
image_1846,1,1,1
image_1847,0,0,0
image_1848,0,0,0
image_1849,1,1,1
image_1850,1,1,1
image_1851,1,0,0
image_1852,1,0,0
image_1853,0,0,0
image_1854,1,1,1
image_1855,0,0,0
image_1856,0,0,0
image_1857,0,1,1
image_1858,0,0,0
image_1859,0,1,0
image_1860,0,1,1
image_1861,0,0,0
image_1862,1,1,0
image_1863,1,1,1
image_1864,0,0,0
image_1865,0,0,0
image_1866,1,0,0
image_1867,0,0,0
image_1868,1,1,1
image_1869,1,1,1
image_1870,1,1,1
image_1871,1,1,1
image_1872,1,1,1
image_1873,1,1,1
image_1874,1,1,1
image_1875,0,0,0
image_1876,0,0,0
image_1877,0,0,0
image_1878,1,0,0
image_1879,0,0,0
image_1880,0,1,0
image_1881,0,1,1
image_1882,1,0,0
image_1883,1,1,1
image_1884,0,0,0
image_1885,0,1,0
image_1886,0,1,0
image_1887,0,0,0
image_1888,0,0,0
image_1889,1,1,1
image_1890,0,1,1
image_1891,1,1,0
image_1892,1,0,0
image_1893,0,1,0
image_1894,0,0,0
image_1895,1,1,1
image_1896,1,1,1
image_1897,1,1,1
image_1898,1,0,0
image_1899,1,0,0
image_1900,1,1,1
image_1901,1,1,1
image_1902,1,1,1
image_1903,1,1,1
image_1904,0,0,0
image_1905,1,1,0
image_1906,1,1,1
image_1907,1,1,0
image_1908,0,0,0
image_1909,1,1,1
image_1910,1,1,1
image_1911,1,0,0
image_1912,1,1,0
image_1913,1,1,1
image_1914,1,1,1
image_1915,1,1,1
image_1916,0,1,1
image_1917,1,1,1
image_1918,1,1,1
image_1919,1,1,0
image_1920,1,1,1
image_1921,1,0,0
image_1922,1,1,1
image_1923,0,0,0
image_1924,1,1,1
image_1925,0,1,1
image_1926,0,1,1
image_1927,1,1,1
image_1928,1,1,1
image_1929,0,0,0
image_1930,1,1,1
image_1931,1,1,1
image_1932,1,1,1
image_1933,1,1,1
image_1934,0,0,0
image_1935,1,1,1
image_1936,0,0,0
image_1937,1,1,1
image_1938,1,1,1
image_1939,0,0,0
image_1940,1,1,0
image_1941,1,1,0
image_1942,0,1,0
image_1943,0,1,1
image_1944,1,1,1
image_1945,0,0,0
image_1946,1,1,0
image_1947,0,0,0
image_1948,1,1,1
image_1949,0,0,0
image_1950,1,1,0
image_1951,1,1,0
image_1952,1,1,0
image_1953,1,0,0
image_1954,1,1,1
image_1955,1,0,0
image_1956,1,1,0
image_1957,1,1,0
image_1958,1,1,1
image_1959,0,0,0
image_1960,0,1,0
image_1961,1,1,1
image_1962,1,1,1
image_1963,0,0,0
image_1964,1,1,0
image_1965,0,1,1
image_1966,1,1,1
image_1967,0,0,0
image_1968,0,1,1
image_1969,1,1,1
image_1970,0,0,0
image_1971,1,0,0
image_1972,1,1,0
image_1973,0,0,0
image_1974,0,0,0
image_1975,1,1,0
image_1976,1,0,0
image_1977,1,0,0
image_1978,0,1,1
image_1979,0,0,0
image_1980,1,1,1
image_1981,1,1,0
image_1982,1,1,1
image_1983,1,0,0
image_1984,1,1,1
image_1985,1,1,1
image_1986,0,1,0
image_1987,1,1,1
image_1988,1,1,1
image_1989,1,1,1
image_1990,0,1,0
image_1991,0,0,0
image_1992,1,1,1
image_1993,0,0,0
image_1994,0,0,0
image_1995,1,1,1
image_1996,1,1,1
image_1997,0,0,0
image_1998,1,1,1
image_1999,1,0,0
image_2000,1,0,0
